ahemd@gmai.com,jdcjdakcdda
hkjcsdc@hskf.com,jkjcajksdn
sd@gmao.col,jdksdncd
kndsan@gmail.com,hjadkjaadnask
sndakxn@hsl.com,ncsjdkjdc
nsc@gmail.com,nskjdnx c
knckdscn@gmail.com,sajkfkancn
skackjsac@gmail.com,jhsajxx.
akjdskjxn@gmail.com,hjasbxjcka
kasnxn@gmail.com,heledldela
hdcb@gmail.com,dbjbdaskjc
nlakns@gmailx.cij,jbdsjcao
jaxas@hsjk.com,cjsjcbjs
ldksnckd@nksnxa.com,cjkanckjd
d@jsa.com,acjakskjd
nkxsa@gmail.com,sknckasaas
hds@gmail.com,hdsklsdkds
shjxsjka@gmail.com,djcbjad
haskja@gmail.com,skleiia
akjadkjk@gmail.com,hejdkadk
hjhk@gka.com,hjdjacjjckads
hjcjcac@gmail.com,jbckjack
helloah@gmail.com,jksckjsd
dkjncdsk@gmail.com,hjadadkxnxa
helajda@gmail.com,jheackcac
kdkdk@gmail.com,dkakjadkj
cjsdckjdsc@gmail.com,jkckackxc
abdajsdb@gmail.com,kjakdnxksjd
hedak@gmail.com,jjdcjaakc
helloahmd@gmail.com,hellosoao
dsdk@gmail.com,hakdsd
jdejad@gmail.com,hjcdbsjds
hdaj@gmail.com,jakodalhroi
addaa@dsf.cods,dfsasxase
nvk@jfd.cov,kdkjnkjn
klsclasncl@gmail.cod,ajdxmndkakdn
jj@fhh.coj,fjgktitgtr
jhdcdk@gmail.com,jdcakcjdcc
hkjda@gmail.com,jhdakka
helloa@gmail.con,dmcamca
snm@gmail.com,hekdkeak
hellaia@gmail.com,helddoidad
hjcdsjcka@gakj.ccs,cndlskclkasc
jjasdka@gmail.com,schbakjcba
chbjca@gmail.com,hscajkdkcndkda
